{"train_loss": 0.3366888463497162, "_timestamp": 1659510291, "_runtime": 2015, "_step": 1299, "val_loss": 0.6184775829315186, "Train_Acc": 0.9668485102811583, "Val_Acc": 0.8369646882043577, "_wandb": {"runtime": 2024}}