{"train_loss": 0.35491061210632324, "_timestamp": 1659475997, "_runtime": 4973, "_step": 3149, "val_loss": 0.31462937593460083, "Train_Acc": 0.9693538113100715, "Val_Acc": 0.8789855072463768, "_wandb": {"runtime": 4984}}