{"train_loss": 0.45176368951797485, "_timestamp": 1659287538, "_runtime": 28, "_step": 62, "val_loss": 0.4161769151687622, "Train_Acc": 0.8254653549437327, "Val_Acc": 0.8760869565217392, "_wandb": {"runtime": 34}}