{"train_loss": 0.39780595898628235, "_timestamp": 1659340767, "_runtime": 131, "_step": 62, "val_loss": 0.31501635909080505, "Train_Acc": 0.8707622620142969, "Val_Acc": 0.813768115942029, "_wandb": {"runtime": 139}}