{"loss": 0.38882124423980713, "_timestamp": 1659252981, "_runtime": 183, "_step": 569, "Loss": 0.3765467181801796, "Class Loss": 0.3765467181801796, "Train_Acc": 0.9430874745760646, "Val_Acc": 0.8678385416666666, "_wandb": {"runtime": 186}}