{"train_loss": 0.39290982484817505, "_timestamp": 1659283839, "_runtime": 803, "_step": 333, "val_loss": 0.45336055755615234, "Train_Acc": 0.9175409148132606, "Val_Acc": 0.8670172802404207, "_wandb": {"runtime": 801}}