{"loss": 0.3243750333786011, "_timestamp": 1659270262, "_runtime": 1743, "_step": 999, "Loss": 0.32028964318727193, "Class Loss": 0.32028964318727193, "Train_Acc": 0.9929604247996682, "Val_Acc": 0.9068244496981303, "_wandb": {"runtime": 1749}}