{"train_loss": 0.6878263354301453, "_timestamp": 1659287617, "_runtime": 66, "_step": 62, "val_loss": 0.6387171745300293, "Train_Acc": 0.5089532167881662, "Val_Acc": 0.7166666666666667, "_wandb": {"runtime": 77}}