{"train_loss": 0.6977459192276001, "_timestamp": 1659287909, "_runtime": 275, "_step": 25, "val_loss": 0.6630030870437622, "Train_Acc": 0.5587494754511121, "Val_Acc": 0.4883546205860255, "_wandb": {"runtime": 280}}