{"train_loss": 0.33491018414497375, "_timestamp": 1659413795, "_runtime": 2816, "_step": 3149, "val_loss": 0.31327688694000244, "Train_Acc": 0.9524382475759077, "Val_Acc": 0.7876811594202898, "_wandb": {"runtime": 2834}}