{"train_loss": 0.3241053819656372, "_timestamp": 1659427303, "_runtime": 1886, "_step": 1299, "val_loss": 0.5436780452728271, "Train_Acc": 0.9752412924884599, "Val_Acc": 0.8392186326070623, "_wandb": {"runtime": 1903}}