{"train_loss": 0.5444644689559937, "_timestamp": 1659306085, "_runtime": 437, "_step": 1299, "val_loss": 0.7138118147850037, "Train_Acc": 0.7973143096936635, "Val_Acc": 0.6311044327573253, "_wandb": {"runtime": 442}}