{"loss": 0.5039594769477844, "_timestamp": 1659263379, "_runtime": 1336, "_step": 999, "Loss": 0.5194388267241026, "Class Loss": 0.5194388267241026, "Train_Acc": 0.7954098331300836, "Val_Acc": 0.7569699784119924, "_wandb": {"runtime": 1341}}