{"train_loss": 0.3591657876968384, "_timestamp": 1659408399, "_runtime": 387, "_step": 3149, "val_loss": 0.31348055601119995, "Train_Acc": 0.9522966947413122, "Val_Acc": 0.7891304347826087, "_wandb": {"runtime": 397}}