{"train_loss": 0.31374791264533997, "_timestamp": 1659295882, "_runtime": 3485, "_step": 3149, "val_loss": 0.534354031085968, "Train_Acc": 0.9875433505555948, "Val_Acc": 0.8572463768115942, "_wandb": {"runtime": 3495}}