{"loss": 0.618040144443512, "_timestamp": 1659260928, "_runtime": 371, "_step": 191, "Loss": 0.6319203031690497, "Class Loss": 0.6319203031690497, "Train_Acc": 0.6448617608923661, "Val_Acc": 0.5857204894224802}