{"train_loss": 0.3133825957775116, "_timestamp": 1659313237, "_runtime": 2100, "_step": 1299, "val_loss": 0.5485454201698303, "Train_Acc": 0.983004616030214, "Val_Acc": 0.8835462058602555, "_wandb": {"runtime": 2109}}