{"train_loss": 0.3132987320423126, "_timestamp": 1659309006, "_runtime": 1609, "_step": 1299, "val_loss": 0.3856301009654999, "Train_Acc": 0.9947545111204364, "Val_Acc": 0.8993238166791886, "_wandb": {"runtime": 1617}}