{"loss": 0.5434526801109314, "_timestamp": 1659261880, "_runtime": 807, "_step": 1999, "Loss": 0.553522179001256, "Class Loss": 0.553522179001256, "Train_Acc": 0.7608287208958676, "Val_Acc": 0.6300296187400818, "_wandb": {"runtime": 810}}