{"train_loss": 0.3140808641910553, "_timestamp": 1659287400, "_runtime": 2145, "_step": 1299, "val_loss": 0.43139663338661194, "Train_Acc": 0.9937054133445237, "Val_Acc": 0.9120961682945155, "_wandb": {"runtime": 2152}}