{"train_loss": 0.5386208295822144, "_timestamp": 1659307383, "_runtime": 1285, "_step": 1299, "val_loss": 0.6083328127861023, "Train_Acc": 0.7918590012589173, "Val_Acc": 0.763335837716003, "_wandb": {"runtime": 1293}}