{"train_loss": 0.33372101187705994, "_timestamp": 1659471006, "_runtime": 4872, "_step": 3149, "val_loss": 0.483768105506897, "Train_Acc": 0.9699200226484536, "Val_Acc": 0.7144927536231884, "_wandb": {"runtime": 4882}}