{"train_loss": 0.4506494998931885, "_timestamp": 1659506049, "_runtime": 1654, "_step": 1299, "val_loss": 0.5859365463256836, "Train_Acc": 0.8634074695761645, "Val_Acc": 0.7768595041322314, "_wandb": {"runtime": 1662}}