{"train_loss": 0.37037044763565063, "_timestamp": 1659417983, "_runtime": 4163, "_step": 3149, "val_loss": 1.137918472290039, "Train_Acc": 0.9561893976926888, "Val_Acc": 0.3007246376811594, "_wandb": {"runtime": 4182}}