{"train_loss": 0.37874552607536316, "_timestamp": 1659450531, "_runtime": 230, "_step": 125, "val_loss": 0.3250289261341095, "Train_Acc": 0.9401939273833958, "Val_Acc": 0.8652173913043478}