{"loss": 0.4650331139564514, "_timestamp": 1659248211, "_runtime": 51, "_step": 56, "Loss": 0.5178844582821641, "Class Loss": 0.5178844582821641, "Train_Acc": 0.8144132654581752, "Val_Acc": 0.8649218728144964}