{"train_loss": 0.33367860317230225, "_timestamp": 1659504377, "_runtime": 4216, "_step": 3149, "val_loss": 0.3132771849632263, "Train_Acc": 0.9544907636775426, "Val_Acc": 0.7891304347826087, "_wandb": {"runtime": 4226}}