{"train_loss": 0.8562303185462952, "_timestamp": 1659282994, "_runtime": 1029, "_step": 484, "val_loss": 0.7250266075134277, "Train_Acc": 0.5029374737725556, "Val_Acc": 0.5131480090157776, "_wandb": {"runtime": 1027}}