{"train_loss": 0.67325359582901, "_timestamp": 1659462592, "_runtime": 2552, "_step": 3149, "val_loss": 0.6485509276390076, "Train_Acc": 0.5618232005095902, "Val_Acc": 0.7253623188405797, "_wandb": {"runtime": 2561}}