{"train_loss": 0.7183248400688171, "_timestamp": 1659281803, "_runtime": 346, "_step": 25, "val_loss": 0.8034582734107971, "Train_Acc": 0.5025178346621905, "Val_Acc": 0.5131480090157776, "_wandb": {"runtime": 398}}